Раздел 1,Раздел 2,Бренд,Наименование товара,Картинка анонса,Подробная картинка,Галерея,Видео RU,Видео EN,Описание анонса,Подробное описание,Толщина,Ширина,Длина,Класс,Фаска,Площадь одной плашки,Кол-во плашек в пачке,Площадь в пачке,Класс эмиссии (экологичности),Замки,Видео,Цена,Тип карточки,Единица изменения,Раздел 3,M2 в пачке,Материал,Высота,Деформационный шов,,Длина 1 Шт,Покрытие,Оттенок,Высота полотна,Ширина полотна,Лакобель,Цвет Лакобели,Сатинато,Зеркало Люкс,Класс,Конструкция
ZADOOR,Art-lite,ZADOOR,ПГ Chaos RAL 7047,,/img/zadoor/art-lite/пг-chaos/ПГ Chaos RAL 7047.jpg,,,,,"Art Lite - коллекция создана с учетом последних тенденций современных интерьеров. Декор полотен выполнен методом фрезерования. Прямые линии, никаких лишних деталей. Полотна комплектуются не только телескопическим коробом и наличниками, но и компланарным погонажем. Он позволяет установить полотно вровень со стеной.",40 мм,,,,,,,,,,,300,,,ПГ Chaos,,,,,,,Эмаль Renner,RAL 7047,2300 мм,800 мм,нет,нет,нет,нет,Премиум,Каркасно-стоевая
ZADOOR,Art-lite,ZADOOR,ПГ Chaos RAL 7044,,/img/zadoor/art-lite/пг-chaos/ПГ Chaos RAL 7044.jpg,,,,,"Art Lite - коллекция создана с учетом последних тенденций современных интерьеров. Декор полотен выполнен методом фрезерования. Прямые линии, никаких лишних деталей. Полотна комплектуются не только телескопическим коробом и наличниками, но и компланарным погонажем. Он позволяет установить полотно вровень со стеной.",40 мм,,,,,,,,,,,300,,,ПГ Chaos,,,,,,,Эмаль Renner,RAL 7044,2300 мм,800 мм,нет,нет,нет,нет,Премиум,Каркасно-стоевая
ZADOOR,Art-lite,ZADOOR,ПГ Chaos Белая эмаль,,/img/zadoor/art-lite/пг-chaos/ПГ Chaos Белая эмаль.jpg,,,,,"Art Lite - коллекция создана с учетом последних тенденций современных интерьеров. Декор полотен выполнен методом фрезерования. Прямые линии, никаких лишних деталей. Полотна комплектуются не только телескопическим коробом и наличниками, но и компланарным погонажем. Он позволяет установить полотно вровень со стеной.",40 мм,,,,,,,,,,,300,,,ПГ Chaos,,,,,,,Эмаль Renner,Белая эмаль,2300 мм,800 мм,нет,нет,нет,нет,Премиум,Каркасно-стоевая
ZADOOR,Art-lite,ZADOOR,ПГ Венеция Белая эмаль,,/img/zadoor/art-lite/пг-венеция/ПГ Венеция белая эмаль.jpg,,,,,"Art Lite - коллекция создана с учетом последних тенденций современных интерьеров. Декор полотен выполнен методом фрезерования. Прямые линии, никаких лишних деталей. Полотна комплектуются не только телескопическим коробом и наличниками, но и компланарным погонажем. Он позволяет установить полотно вровень со стеной.",40 мм,,,,,,,,,,,300,,,ПГ Венеция,,,,,,,Эмаль Renner,Белая эмаль,2300 мм,800 мм,нет,нет,нет,нет,Премиум,Каркасно-стоевая
ZADOOR,Art-lite,ZADOOR,ПГ Венеция Жемчужно-перламутровый,,/img/zadoor/art-lite/пг-венеция/ПГ Венеция-2 жемчужно-перламутровый.jpg,,,,,"Art Lite - коллекция создана с учетом последних тенденций современных интерьеров. Декор полотен выполнен методом фрезерования. Прямые линии, никаких лишних деталей. Полотна комплектуются не только телескопическим коробом и наличниками, но и компланарным погонажем. Он позволяет установить полотно вровень со стеной.",40 мм,,,,,,,,,,,300,,,ПГ Венеция,,,,,,,Эмаль Renner,Жемчужно-перламутровый,2300 мм,800 мм,нет,нет,нет,нет,Премиум,Каркасно-стоевая
ZADOOR,Art-lite,ZADOOR,ПО Chaos Белая эмаль,,/img/zadoor/art-lite/по-chaos/ПО Chaos белая эмаль черный лакобель.jpg,,,,,"Art Lite - коллекция создана с учетом последних тенденций современных интерьеров. Декор полотен выполнен методом фрезерования. Прямые линии, никаких лишних деталей. Полотна комплектуются не только телескопическим коробом и наличниками, но и компланарным погонажем. Он позволяет установить полотно вровень со стеной.",40 мм,,,,,,,,,,,300,,,ПО Chaos,,,,,,,Эмаль Renner,Белая эмаль,2300 мм,800 мм,да,Черный,нет,нет,Премиум,Каркасно-стоевая
ZADOOR,Art-lite,ZADOOR,ПО Chaos Белая эмаль,,,,,,,"Art Lite - коллекция создана с учетом последних тенденций современных интерьеров. Декор полотен выполнен методом фрезерования. Прямые линии, никаких лишних деталей. Полотна комплектуются не только телескопическим коробом и наличниками, но и компланарным погонажем. Он позволяет установить полотно вровень со стеной.",40 мм,,,,,,,,,,,300,,,ПО Chaos,,,,,,,Эмаль Renner,Белая эмаль,2300 мм,800 мм,да,Белый,нет,нет,Премиум,Каркасно-стоевая
ZADOOR,Art-lite,ZADOOR,ПО А2 RAL 7047,,/img/zadoor/art-lite/по-а2/ПО А2 RAL7047 Металик Silver Grey.jpg,,,,,"Art Lite - коллекция создана с учетом последних тенденций современных интерьеров. Декор полотен выполнен методом фрезерования. Прямые линии, никаких лишних деталей. Полотна комплектуются не только телескопическим коробом и наличниками, но и компланарным погонажем. Он позволяет установить полотно вровень со стеной.",40 мм,,,,,,,,,,,300,,,ПО А2,,,,,,,Эмаль Renner,RAL 7047,2300 мм,800 мм,да,Серебристо-серый,нет,нет,Премиум,Каркасно-стоевая
ZADOOR,Art-lite,ZADOOR,ПО А2 RAL 7044,,/img/zadoor/art-lite/по-а2/ПО А2 RAL 7044.jpg,,,,,"Art Lite - коллекция создана с учетом последних тенденций современных интерьеров. Декор полотен выполнен методом фрезерования. Прямые линии, никаких лишних деталей. Полотна комплектуются не только телескопическим коробом и наличниками, но и компланарным погонажем. Он позволяет установить полотно вровень со стеной.",40 мм,,,,,,,,,,,300,,,ПО А2,,,,,,,Эмаль Renner,RAL 7044,2300 мм,800 мм,да,Черный,нет,нет,Премиум,Каркасно-стоевая
ZADOOR,Art-lite,ZADOOR,ПО А2 Белая эмаль,,"/img/zadoor/art-lite/по-а2/ПО A2 Белая эмаль, белая лакобель.jpg",,,,,"Art Lite - коллекция создана с учетом последних тенденций современных интерьеров. Декор полотен выполнен методом фрезерования. Прямые линии, никаких лишних деталей. Полотна комплектуются не только телескопическим коробом и наличниками, но и компланарным погонажем. Он позволяет установить полотно вровень со стеной.",40 мм,,,,,,,,,,,300,,,ПО А2,,,,,,,Эмаль Renner,Белая эмаль,2300 мм,800 мм,да,Белый,нет,нет,Премиум,Каркасно-стоевая
ZADOOR,Art-lite,ZADOOR,ПО А2 Белая эмаль,,/img/zadoor/art-lite/по-а2/ПО А2 Белая эмаль черный лакобель.jpg,,,,,"Art Lite - коллекция создана с учетом последних тенденций современных интерьеров. Декор полотен выполнен методом фрезерования. Прямые линии, никаких лишних деталей. Полотна комплектуются не только телескопическим коробом и наличниками, но и компланарным погонажем. Он позволяет установить полотно вровень со стеной.",41 мм,,,,,,,,,,,300,,,ПО А2,,,,,,,Эмаль Renner,Белая эмаль,2301 мм,801 мм,да,Черный,нет,нет,Премиум,Каркасно-стоевая
ZADOOR,Art-lite,ZADOOR,ПО А2 Жемчужно-перламутровый,,/img/zadoor/art-lite/по-а2/ПО_A2_жемчужно-перламутровый_biege_light.jpg,,,,,"Art Lite - коллекция создана с учетом последних тенденций современных интерьеров. Декор полотен выполнен методом фрезерования. Прямые линии, никаких лишних деталей. Полотна комплектуются не только телескопическим коробом и наличниками, но и компланарным погонажем. Он позволяет установить полотно вровень со стеной.",40 мм,,,,,,,,,,,300,,,ПО А2,,,,,,,Эмаль Renner,Жемчужно-перламутровый,2300 мм,800 мм,да,Светло-бежевый,нет,нет,Премиум,Каркасно-стоевая
ZADOOR,Art-lite,ZADOOR,ПГ Elen Белая эмаль,,/img/zadoor/art-lite/пг-elen/ПГ Elen белая эмаль.jpg,,,,,"Art Lite - коллекция создана с учетом последних тенденций современных интерьеров. Декор полотен выполнен методом фрезерования. Прямые линии, никаких лишних деталей. Полотна комплектуются не только телескопическим коробом и наличниками, но и компланарным погонажем. Он позволяет установить полотно вровень со стеной.",40 мм,,,,,,,,,,,300,,,ПГ Elen,,,,,,,Эмаль Renner,Белая эмаль,2300 мм,800 мм,нет,нет,нет,нет,Премиум,Каркасно-стоевая
ZADOOR,Квалитет,ZADOOR,K11 Дуб натуральный поперечный,,/img/zadoor/квалитет/k11/К11_mb_дуб_натуральный.jpg,,,,,"Двери серии Квалитет — это современное решение для любого интерьера.
Качественное полотно в лучших традициях фабрики выполненное из топовых материалов отделки:
•        Японское покрытие TOPAN
•        ABS Кромка 2мм от немецкого производителя Dollken
•        Полиуретановый скотч Kleiberit
МДФ Высочайшего качества от лучших производителей и мелкоячеистое сотовое заполнение, придающее дополнительную жесткость и шумоизоляцию.
Преимущества покрытий Toppan
1.        Водоотталкивающие свойства – благодаря содержанию силикона в лаке покрытие
получается водоотталкивающим
2.        Покрытие имитирует дерево – превосходный дизайн поверхности с имитацией
оптического эффекта натуральной древесины
3.        Качественный состав – в основе японская бумага высокой плотности, не пропитанная
смолами
4.        Экологичность – материал безопасен для здоровья человека и окружающей среды, как
процессе производства и эксплуатации, так и при утилизации
5.        Стойкие к повреждениям – специальное лаковое покрытие защитит поверхность от
механических и химических воздействий
6.        Устойчивость к ультрафиолету – покрытие выдержит прямое воздействие УФ-лучей, не
7.        выцветает и не меняет свойств под прямыми солнечными лучами
",40 мм,,,,,,,,,,,300,,,K11,,,,,,,Полипропилен Renolit,Дуб натуральный поперечный,2300 мм,800 мм,нет,нет,нет,нет,Премиум,Каркасно-стоевая
ZADOOR,Квалитет,ZADOOR,K11 Дуб серый поперечный,,/img/zadoor/квалитет/k11/К11_mb_дуб_серый.jpg,,,,,"Двери серии Квалитет — это современное решение для любого интерьера.
Качественное полотно в лучших традициях фабрики выполненное из топовых материалов отделки:
•        Японское покрытие TOPAN
•        ABS Кромка 2мм от немецкого производителя Dollken
•        Полиуретановый скотч Kleiberit
МДФ Высочайшего качества от лучших производителей и мелкоячеистое сотовое заполнение, придающее дополнительную жесткость и шумоизоляцию.
Преимущества покрытий Toppan
1.        Водоотталкивающие свойства – благодаря содержанию силикона в лаке покрытие
получается водоотталкивающим
2.        Покрытие имитирует дерево – превосходный дизайн поверхности с имитацией
оптического эффекта натуральной древесины
3.        Качественный состав – в основе японская бумага высокой плотности, не пропитанная
смолами
4.        Экологичность – материал безопасен для здоровья человека и окружающей среды, как
процессе производства и эксплуатации, так и при утилизации
5.        Стойкие к повреждениям – специальное лаковое покрытие защитит поверхность от
механических и химических воздействий
6.        Устойчивость к ультрафиолету – покрытие выдержит прямое воздействие УФ-лучей, не
7.        выцветает и не меняет свойств под прямыми солнечными лучами
",40 мм,,,,,,,,,,,300,,,K11,,,,,,,Полипропилен Renolit,Дуб серый поперечный,2300 мм,800 мм,нет,нет,нет,нет,Премиум,Каркасно-стоевая
ZADOOR,Квалитет,ZADOOR,K11 ALU BLACK Дуб серый поперечный,,/img/zadoor/квалитет/k11-alu-black/K11_ALU_Black_mb_дуб_серый.jpg,,,,,"Двери серии Квалитет — это современное решение для любого интерьера.
Качественное полотно в лучших традициях фабрики выполненное из топовых материалов отделки:
•        Японское покрытие TOPAN
•        ABS Кромка 2мм от немецкого производителя Dollken
•        Полиуретановый скотч Kleiberit
МДФ Высочайшего качества от лучших производителей и мелкоячеистое сотовое заполнение, придающее дополнительную жесткость и шумоизоляцию.
Преимущества покрытий Toppan
1.        Водоотталкивающие свойства – благодаря содержанию силикона в лаке покрытие
получается водоотталкивающим
2.        Покрытие имитирует дерево – превосходный дизайн поверхности с имитацией
оптического эффекта натуральной древесины
3.        Качественный состав – в основе японская бумага высокой плотности, не пропитанная
смолами
4.        Экологичность – материал безопасен для здоровья человека и окружающей среды, как
процессе производства и эксплуатации, так и при утилизации
5.        Стойкие к повреждениям – специальное лаковое покрытие защитит поверхность от
механических и химических воздействий
6.        Устойчивость к ультрафиолету – покрытие выдержит прямое воздействие УФ-лучей, не
7.        выцветает и не меняет свойств под прямыми солнечными лучами
",40 мм,,,,,,,,,,,300,,,K11 ALU BLACK,,,,,,,Полипропилен Renolit,Дуб серый поперечный,2300 мм,800 мм,нет,нет,нет,нет,Премиум,Каркасно-стоевая
ZADOOR,Квалитет,ZADOOR,K2 ALU BLACK Белый Матовый,,/img/zadoor/квалитет/k2-alu-black/К2_ALU_Black_Black_Lacobel_белый.jpg,,,,,"Двери серии Квалитет — это современное решение для любого интерьера.
Качественное полотно в лучших традициях фабрики выполненное из топовых материалов отделки:
•        Японское покрытие TOPAN
•        ABS Кромка 2мм от немецкого производителя Dollken
•        Полиуретановый скотч Kleiberit
МДФ Высочайшего качества от лучших производителей и мелкоячеистое сотовое заполнение, придающее дополнительную жесткость и шумоизоляцию.
Преимущества покрытий Toppan
1.        Водоотталкивающие свойства – благодаря содержанию силикона в лаке покрытие
получается водоотталкивающим
2.        Покрытие имитирует дерево – превосходный дизайн поверхности с имитацией
оптического эффекта натуральной древесины
3.        Качественный состав – в основе японская бумага высокой плотности, не пропитанная
смолами
4.        Экологичность – материал безопасен для здоровья человека и окружающей среды, как
процессе производства и эксплуатации, так и при утилизации
5.        Стойкие к повреждениям – специальное лаковое покрытие защитит поверхность от
механических и химических воздействий
6.        Устойчивость к ультрафиолету – покрытие выдержит прямое воздействие УФ-лучей, не
7.        выцветает и не меняет свойств под прямыми солнечными лучами
",40 мм,,,,,,,,,,,300,,,K2 ALU BLACK,,,,,,,Полипропилен Renolit,Белый Матовый,2300 мм,800 мм,да,Черный,нет,нет,Премиум,Каркасно-стоевая
ZADOOR,Квалитет,ZADOOR,K2 ALU BLACK Дуб натуральный продольный,,/img/zadoor/квалитет/k2-alu-black/K2_ALU_Black_дуб_натуральный.jpg,,,,,"Двери серии Квалитет — это современное решение для любого интерьера.
Качественное полотно в лучших традициях фабрики выполненное из топовых материалов отделки:
•        Японское покрытие TOPAN
•        ABS Кромка 2мм от немецкого производителя Dollken
•        Полиуретановый скотч Kleiberit
МДФ Высочайшего качества от лучших производителей и мелкоячеистое сотовое заполнение, придающее дополнительную жесткость и шумоизоляцию.
Преимущества покрытий Toppan
1.        Водоотталкивающие свойства – благодаря содержанию силикона в лаке покрытие
получается водоотталкивающим
2.        Покрытие имитирует дерево – превосходный дизайн поверхности с имитацией
оптического эффекта натуральной древесины
3.        Качественный состав – в основе японская бумага высокой плотности, не пропитанная
смолами
4.        Экологичность – материал безопасен для здоровья человека и окружающей среды, как
процессе производства и эксплуатации, так и при утилизации
5.        Стойкие к повреждениям – специальное лаковое покрытие защитит поверхность от
механических и химических воздействий
6.        Устойчивость к ультрафиолету – покрытие выдержит прямое воздействие УФ-лучей, не
7.        выцветает и не меняет свойств под прямыми солнечными лучами
",40 мм,,,,,,,,,,,300,,,K2 ALU BLACK,,,,,,,Полипропилен Renolit,Дуб натуральный продольный,2300 мм,800 мм,да,Черный,нет,нет,Премиум,Каркасно-стоевая
ZADOOR,Квалитет,ZADOOR,K7 Белый Матовый,,/img/zadoor/квалитет/k7/К7_белый.jpg,,,,,"Двери серии Квалитет — это современное решение для любого интерьера.
Качественное полотно в лучших традициях фабрики выполненное из топовых материалов отделки:
•        Японское покрытие TOPAN
•        ABS Кромка 2мм от немецкого производителя Dollken
•        Полиуретановый скотч Kleiberit
МДФ Высочайшего качества от лучших производителей и мелкоячеистое сотовое заполнение, придающее дополнительную жесткость и шумоизоляцию.
Преимущества покрытий Toppan
1.        Водоотталкивающие свойства – благодаря содержанию силикона в лаке покрытие
получается водоотталкивающим
2.        Покрытие имитирует дерево – превосходный дизайн поверхности с имитацией
оптического эффекта натуральной древесины
3.        Качественный состав – в основе японская бумага высокой плотности, не пропитанная
смолами
4.        Экологичность – материал безопасен для здоровья человека и окружающей среды, как
процессе производства и эксплуатации, так и при утилизации
5.        Стойкие к повреждениям – специальное лаковое покрытие защитит поверхность от
механических и химических воздействий
6.        Устойчивость к ультрафиолету – покрытие выдержит прямое воздействие УФ-лучей, не
7.        выцветает и не меняет свойств под прямыми солнечными лучами
",40 мм,,,,,,,,,,,300,,,K7,,,,,,,Полипропилен Renolit,Белый Матовый,2300 мм,800 мм,нет,нет,нет,нет,Премиум,Каркасно-стоевая
ZADOOR,Квалитет,ZADOOR,K7 Дуб натуральный продольный,,/img/zadoor/квалитет/k7/K7_дуб_натуральный.jpg,,,,,"Двери серии Квалитет — это современное решение для любого интерьера.
Качественное полотно в лучших традициях фабрики выполненное из топовых материалов отделки:
•        Японское покрытие TOPAN
•        ABS Кромка 2мм от немецкого производителя Dollken
•        Полиуретановый скотч Kleiberit
МДФ Высочайшего качества от лучших производителей и мелкоячеистое сотовое заполнение, придающее дополнительную жесткость и шумоизоляцию.
Преимущества покрытий Toppan
1.        Водоотталкивающие свойства – благодаря содержанию силикона в лаке покрытие
получается водоотталкивающим
2.        Покрытие имитирует дерево – превосходный дизайн поверхности с имитацией
оптического эффекта натуральной древесины
3.        Качественный состав – в основе японская бумага высокой плотности, не пропитанная
смолами
4.        Экологичность – материал безопасен для здоровья человека и окружающей среды, как
процессе производства и эксплуатации, так и при утилизации
5.        Стойкие к повреждениям – специальное лаковое покрытие защитит поверхность от
механических и химических воздействий
6.        Устойчивость к ультрафиолету – покрытие выдержит прямое воздействие УФ-лучей, не
7.        выцветает и не меняет свойств под прямыми солнечными лучами
",40 мм,,,,,,,,,,,300,,,K7,,,,,,,Полипропилен Renolit,Дуб натуральный продольный,2300 мм,800 мм,нет,нет,нет,нет,Премиум,Каркасно-стоевая
ZADOOR,Квалитет,ZADOOR,K7 Серый продольный,,,,,,,"Двери серии Квалитет — это современное решение для любого интерьера.
Качественное полотно в лучших традициях фабрики выполненное из топовых материалов отделки:
•        Японское покрытие TOPAN
•        ABS Кромка 2мм от немецкого производителя Dollken
•        Полиуретановый скотч Kleiberit
МДФ Высочайшего качества от лучших производителей и мелкоячеистое сотовое заполнение, придающее дополнительную жесткость и шумоизоляцию.
Преимущества покрытий Toppan
1.        Водоотталкивающие свойства – благодаря содержанию силикона в лаке покрытие
получается водоотталкивающим
2.        Покрытие имитирует дерево – превосходный дизайн поверхности с имитацией
оптического эффекта натуральной древесины
3.        Качественный состав – в основе японская бумага высокой плотности, не пропитанная
смолами
4.        Экологичность – материал безопасен для здоровья человека и окружающей среды, как
процессе производства и эксплуатации, так и при утилизации
5.        Стойкие к повреждениям – специальное лаковое покрытие защитит поверхность от
механических и химических воздействий
6.        Устойчивость к ультрафиолету – покрытие выдержит прямое воздействие УФ-лучей, не
7.        выцветает и не меняет свойств под прямыми солнечными лучами
",40 мм,,,,,,,,,,,300,,,K7,,,,,,,Полипропилен Renolit,Серый продольный,2300 мм,800 мм,нет,нет,нет,нет,Премиум,Каркасно-стоевая
ZADOOR,Квалитет,ZADOOR,K7 Серый матовый,,/img/zadoor/квалитет/k7/K7_дуб_серый.jpg,,,,,"Двери серии Квалитет — это современное решение для любого интерьера.
Качественное полотно в лучших традициях фабрики выполненное из топовых материалов отделки:
•        Японское покрытие TOPAN
•        ABS Кромка 2мм от немецкого производителя Dollken
•        Полиуретановый скотч Kleiberit
МДФ Высочайшего качества от лучших производителей и мелкоячеистое сотовое заполнение, придающее дополнительную жесткость и шумоизоляцию.
Преимущества покрытий Toppan
1.        Водоотталкивающие свойства – благодаря содержанию силикона в лаке покрытие
получается водоотталкивающим
2.        Покрытие имитирует дерево – превосходный дизайн поверхности с имитацией
оптического эффекта натуральной древесины
3.        Качественный состав – в основе японская бумага высокой плотности, не пропитанная
смолами
4.        Экологичность – материал безопасен для здоровья человека и окружающей среды, как
процессе производства и эксплуатации, так и при утилизации
5.        Стойкие к повреждениям – специальное лаковое покрытие защитит поверхность от
механических и химических воздействий
6.        Устойчивость к ультрафиолету – покрытие выдержит прямое воздействие УФ-лучей, не
7.        выцветает и не меняет свойств под прямыми солнечными лучами
",40 мм,,,,,,,,,,,300,,,K7,,,,,,,Полипропилен Renolit,Серый матовый,2300 мм,800 мм,нет,нет,нет,нет,Премиум,Каркасно-стоевая
ZADOOR,Квалитет,ZADOOR,K7 Дуб тёмный продольный,,/img/zadoor/квалитет/k7/K7_дуб_темный.jpg,,,,,"Двери серии Квалитет — это современное решение для любого интерьера.
Качественное полотно в лучших традициях фабрики выполненное из топовых материалов отделки:
•        Японское покрытие TOPAN
•        ABS Кромка 2мм от немецкого производителя Dollken
•        Полиуретановый скотч Kleiberit
МДФ Высочайшего качества от лучших производителей и мелкоячеистое сотовое заполнение, придающее дополнительную жесткость и шумоизоляцию.
Преимущества покрытий Toppan
1.        Водоотталкивающие свойства – благодаря содержанию силикона в лаке покрытие
получается водоотталкивающим
2.        Покрытие имитирует дерево – превосходный дизайн поверхности с имитацией
оптического эффекта натуральной древесины
3.        Качественный состав – в основе японская бумага высокой плотности, не пропитанная
смолами
4.        Экологичность – материал безопасен для здоровья человека и окружающей среды, как
процессе производства и эксплуатации, так и при утилизации
5.        Стойкие к повреждениям – специальное лаковое покрытие защитит поверхность от
механических и химических воздействий
6.        Устойчивость к ультрафиолету – покрытие выдержит прямое воздействие УФ-лучей, не
7.        выцветает и не меняет свойств под прямыми солнечными лучами
",40 мм,,,,,,,,,,,300,,,K7,,,,,,,Полипропилен Renolit,Дуб тёмный продольный,2300 мм,800 мм,нет,нет,нет,нет,Премиум,Каркасно-стоевая
ZADOOR,Filomuro,ZADOOR,Elen ПГ Под покраску,,/img/zadoor/filomuro/elen-пг/Filomuro Elen ПГ.jpg,,,,,"Filomuro - двери со скрытым расположением коробки.
Скрытые двери, или «двери-невидимки», представляют собой конструкцию, которая
монтируется на крытый короб. Дверное полотно устанавливается на скрытые петли и окрашивается в тон стен. Таким образом, установленные в комнате двери практически не видны на общем фоне стены и не выделяются в интерьере.
Установка скрытых дверей имеет свои особенности:
1.        Рекомендуется установка на уже готовое напольное покрытие, чтобы избежать
неточностей.
2.        При установке короба стены должны быть на этапе отделки (т.е. зашпаклеваны)
3.        Обшивать стену вокруг короба рекомендуется гипсокартоном, подходящим под
размер паза короба, чтобы избежать трещин вокруг короба в дальнейшем. 
",40 мм,,,,,,,,,,,300,,,Elen ПГ,,,,,,,Грунт,Под покраску,2300 мм,800 мм,нет,нет,нет,нет,Премиум,Каркасно-стоевая
ZADOOR,Filomuro,ZADOOR,Elen ПГ ALU Под покраску,,/img/zadoor/filomuro/elen-пг-alu/Filomuro Elen ПГ ALU.jpg,,,,,"Filomuro - двери со скрытым расположением коробки.
Скрытые двери, или «двери-невидимки», представляют собой конструкцию, которая
монтируется на крытый короб. Дверное полотно устанавливается на скрытые петли и окрашивается в тон стен. Таким образом, установленные в комнате двери практически не видны на общем фоне стены и не выделяются в интерьере.
Установка скрытых дверей имеет свои особенности:
1.        Рекомендуется установка на уже готовое напольное покрытие, чтобы избежать
неточностей.
2.        При установке короба стены должны быть на этапе отделки (т.е. зашпаклеваны)
3.        Обшивать стену вокруг короба рекомендуется гипсокартоном, подходящим под
размер паза короба, чтобы избежать трещин вокруг короба в дальнейшем. 
",40 мм,,,,,,,,,,,300,,,Elen ПГ ALU,,,,,,,Грунт,Под покраску,2300 мм,800 мм,нет,нет,нет,нет,Премиум,Каркасно-стоевая
ZADOOR,Classic Baguette,ZADOOR,Неаполь ПГ Матовый графит,,,,,,,"Багет – это декоративная рамка дверей. Она завершает обрамление и придает конструкции благородные черты. Багет, в отличие от штопки, имеет более сложную форму и придает полотну выразительность. Помимо эстетической составляющей дверной багет увеличивает жесткость конструкции.
Дверные полотна, оформленные в этом стиле, чаще всего выполняют в светлых тонах. В качестве покрытия используется однотонный матовый либо древесный полипропилен. Полотна имеют сборно-разборную конструкцию.",35 мм,,,,,,,,,,,300,,,Неаполь ПГ,,,,,,,Полипропилен Renolit,Матовый графит,1900-2300 мм,900-600 мм,нет,нет,нет,нет,Средний,Сборно-разборная
ZADOOR,Classic Baguette,ZADOOR,Венеция ПГ В3 Белый матовый,,/img/zadoor/classic-baguette/венеция-пг-в3/ПГ_Венеция_В3_белый матовый.jpg,,,,,"Багет – это декоративная рамка дверей. Она завершает обрамление и придает конструкции благородные черты. Багет, в отличие от штопки, имеет более сложную форму и придает полотну выразительность. Помимо эстетической составляющей дверной багет увеличивает жесткость конструкции.
Дверные полотна, оформленные в этом стиле, чаще всего выполняют в светлых тонах. В качестве покрытия используется однотонный матовый либо древесный полипропилен. Полотна имеют сборно-разборную конструкцию.",35 мм,,,,,,,,,,,300,,,Венеция ПГ В3,,,,,,,Полипропилен Renolit,Белый матовый,1900-2300 мм,900-600 мм,нет,нет,нет,нет,Средний,Сборно-разборная
ZADOOR,Classic Baguette,ZADOOR,Венеция ПГ В3 Серый матовый,,/img/zadoor/classic-baguette/венеция-пг-в3/Baguette Classic_ПГ_Венеция_B3_серый_матовый.jpg,,,,,"Багет – это декоративная рамка дверей. Она завершает обрамление и придает конструкции благородные черты. Багет, в отличие от штопки, имеет более сложную форму и придает полотну выразительность. Помимо эстетической составляющей дверной багет увеличивает жесткость конструкции.
Дверные полотна, оформленные в этом стиле, чаще всего выполняют в светлых тонах. В качестве покрытия используется однотонный матовый либо древесный полипропилен. Полотна имеют сборно-разборную конструкцию.",35 мм,,,,,,,,,,,300,,,Венеция ПГ В3,,,,,,,Полипропилен Renolit,Серый матовый,1900-2300 мм,900-600 мм,нет,нет,нет,нет,Средний,Сборно-разборная
ZADOOR,Classic Baguette,ZADOOR,Венеция ПГ В4 Белый матовый,,/img/zadoor/classic-baguette/венеция-пг-в4/Baguette Classic_ПГ_Венеция_B4_белый_матовый.jpg,,,,,"Багет – это декоративная рамка дверей. Она завершает обрамление и придает конструкции благородные черты. Багет, в отличие от штопки, имеет более сложную форму и придает полотну выразительность. Помимо эстетической составляющей дверной багет увеличивает жесткость конструкции.
Дверные полотна, оформленные в этом стиле, чаще всего выполняют в светлых тонах. В качестве покрытия используется однотонный матовый либо древесный полипропилен. Полотна имеют сборно-разборную конструкцию.",35 мм,,,,,,,,,,,300,,,Венеция ПГ В4,,,,,,,Полипропилен Renolit,Белый матовый,1900-2300 мм,900-600 мм,нет,нет,нет,нет,Средний,Сборно-разборная
ZADOOR,Classic Baguette,ZADOOR,Венеция ПГ В4 Серый матовый,,/img/zadoor/classic-baguette/венеция-пг-в4/Baguette Classic_ПГ_Венеция_B4_серый_матовый.jpg,,,,,"Багет – это декоративная рамка дверей. Она завершает обрамление и придает конструкции благородные черты. Багет, в отличие от штопки, имеет более сложную форму и придает полотну выразительность. Помимо эстетической составляющей дверной багет увеличивает жесткость конструкции.
Дверные полотна, оформленные в этом стиле, чаще всего выполняют в светлых тонах. В качестве покрытия используется однотонный матовый либо древесный полипропилен. Полотна имеют сборно-разборную конструкцию.",35 мм,,,,,,,,,,,300,,,Венеция ПГ В4,,,,,,,Полипропилен Renolit,Серый матовый,1900-2300 мм,900-600 мм,нет,нет,нет,нет,Средний,Сборно-разборная
ZADOOR,Classic Baguette,ZADOOR,Венеция ПГ В5.3 Белый матовый,,/img/zadoor/classic-baguette/венеция-пг-в5.3/Baguette Classic_ПГ_Венеция_B5.3_белый_матовый.jpg,,,,,"Багет – это декоративная рамка дверей. Она завершает обрамление и придает конструкции благородные черты. Багет, в отличие от штопки, имеет более сложную форму и придает полотну выразительность. Помимо эстетической составляющей дверной багет увеличивает жесткость конструкции.
Дверные полотна, оформленные в этом стиле, чаще всего выполняют в светлых тонах. В качестве покрытия используется однотонный матовый либо древесный полипропилен. Полотна имеют сборно-разборную конструкцию.",35 мм,,,,,,,,,,,300,,,Венеция ПГ В5.3,,,,,,,Полипропилен Renolit,Белый матовый,1900-2300 мм,900-600 мм,нет,нет,нет,нет,Средний,Сборно-разборная
ZADOOR,Classic Baguette,ZADOOR,Венеция ПО сатинато с рамкой Белый матовый,,/img/zadoor/classic-baguette/венеция-по-в3-сатинато-с-рамкой/Baguette Classic_ПО_Венеция_B3_сатинато_с_рамкой_белый_матовый.jpg,,,,,"Багет – это декоративная рамка дверей. Она завершает обрамление и придает конструкции благородные черты. Багет, в отличие от штопки, имеет более сложную форму и придает полотну выразительность. Помимо эстетической составляющей дверной багет увеличивает жесткость конструкции.
Дверные полотна, оформленные в этом стиле, чаще всего выполняют в светлых тонах. В качестве покрытия используется однотонный матовый либо древесный полипропилен. Полотна имеют сборно-разборную конструкцию.",35 мм,,,,,,,,,,,300,,,Венеция ПО сатинато с рамкой,,,,,,,Полипропилен Renolit,Белый матовый,1900-2300 мм,900-600 мм,нет,нет,да,нет,Средний,Сборно-разборная
ZADOOR,Classic Baguette,ZADOOR,Венеция ПО сатинато с рамкой Серый матовый,,/img/zadoor/classic-baguette/венеция-по-в3-сатинато-с-рамкой/Baguette Classic_ПО_Венеция_B3_сатинато_с_рамкой_серый_матовый.jpg,,,,,"Багет – это декоративная рамка дверей. Она завершает обрамление и придает конструкции благородные черты. Багет, в отличие от штопки, имеет более сложную форму и придает полотну выразительность. Помимо эстетической составляющей дверной багет увеличивает жесткость конструкции.
Дверные полотна, оформленные в этом стиле, чаще всего выполняют в светлых тонах. В качестве покрытия используется однотонный матовый либо древесный полипропилен. Полотна имеют сборно-разборную конструкцию.",35 мм,,,,,,,,,,,300,,,Венеция ПО сатинато с рамкой,,,,,,,Полипропилен Renolit,Серый матовый,1900-2300 мм,900-600 мм,нет,нет,да,нет,Средний,Сборно-разборная
ZADOOR,Classic Baguette,ZADOOR,Венеция ПО B5.3 Белый матовый,,/img/zadoor/classic-baguette/венеция-по-в5.3/Baguette Classic_ПО_Венеция_B5.3_сатинато_с_рамкой_белый_матовый.jpg,,,,,"Багет – это декоративная рамка дверей. Она завершает обрамление и придает конструкции благородные черты. Багет, в отличие от штопки, имеет более сложную форму и придает полотну выразительность. Помимо эстетической составляющей дверной багет увеличивает жесткость конструкции.
Дверные полотна, оформленные в этом стиле, чаще всего выполняют в светлых тонах. В качестве покрытия используется однотонный матовый либо древесный полипропилен. Полотна имеют сборно-разборную конструкцию.",35 мм,,,,,,,,,,,300,,,Венеция ПО B5.3,,,,,,,Полипропилен Renolit,Белый матовый,1900-2300 мм,900-600 мм,нет,нет,нет,нет,Средний,Сборно-разборная
ZADOOR,Classic Baguette,ZADOOR,Неаполь ПГ В3 Белый матовый,,/img/zadoor/classic-baguette/неаполь-пг-в3/ПГ_Неаполь_В3_белый.jpg,,,,,"Багет – это декоративная рамка дверей. Она завершает обрамление и придает конструкции благородные черты. Багет, в отличие от штопки, имеет более сложную форму и придает полотну выразительность. Помимо эстетической составляющей дверной багет увеличивает жесткость конструкции.
Дверные полотна, оформленные в этом стиле, чаще всего выполняют в светлых тонах. В качестве покрытия используется однотонный матовый либо древесный полипропилен. Полотна имеют сборно-разборную конструкцию.",35 мм,,,,,,,,,,,300,,,Неаполь ПГ В3,,,,,,,Полипропилен Renolit,Белый матовый,1900-2300 мм,900-600 мм,нет,нет,нет,нет,Средний,Сборно-разборная
ZADOOR,Classic Baguette,ZADOOR,Неаполь ПГ В3 Серый матовый,,/img/zadoor/classic-baguette/неаполь-пг-в3/Baguette Classic_ПГ_Неаполь_B3_серый_матовый.jpg.jpg,,,,,"Багет – это декоративная рамка дверей. Она завершает обрамление и придает конструкции благородные черты. Багет, в отличие от штопки, имеет более сложную форму и придает полотну выразительность. Помимо эстетической составляющей дверной багет увеличивает жесткость конструкции.
Дверные полотна, оформленные в этом стиле, чаще всего выполняют в светлых тонах. В качестве покрытия используется однотонный матовый либо древесный полипропилен. Полотна имеют сборно-разборную конструкцию.",35 мм,,,,,,,,,,,300,,,Неаполь ПГ В3,,,,,,,Полипропилен Renolit,Серый матовый,1900-2300 мм,900-600 мм,нет,нет,нет,нет,Средний,Сборно-разборная
ZADOOR,Classic Baguette,ZADOOR,Неаполь ПО В3 Белый матовый,,/img/zadoor/classic-baguette/неаполь-по-в3/Baguette Classic_ПО_Неаполь_B3_сатинато_с_рамкой_белый_матовый.jpg,,,,,"Багет – это декоративная рамка дверей. Она завершает обрамление и придает конструкции благородные черты. Багет, в отличие от штопки, имеет более сложную форму и придает полотну выразительность. Помимо эстетической составляющей дверной багет увеличивает жесткость конструкции.
Дверные полотна, оформленные в этом стиле, чаще всего выполняют в светлых тонах. В качестве покрытия используется однотонный матовый либо древесный полипропилен. Полотна имеют сборно-разборную конструкцию.",35 мм,,,,,,,,,,,300,,,Неаполь ПО В3,,,,,,,Полипропилен Renolit,Белый матовый,1900-2300 мм,900-600 мм,нет,нет,да,нет,Средний,Сборно-разборная
ZADOOR,Classic Baguette,ZADOOR,Неаполь ПО В3 Серый матовый,,/img/zadoor/classic-baguette/неаполь-по-в3/Baguette Classic_ПО_Неаполь_B3_сатинато_с_рамкой_серый_матовый.jpg,,,,,"Багет – это декоративная рамка дверей. Она завершает обрамление и придает конструкции благородные черты. Багет, в отличие от штопки, имеет более сложную форму и придает полотну выразительность. Помимо эстетической составляющей дверной багет увеличивает жесткость конструкции.
Дверные полотна, оформленные в этом стиле, чаще всего выполняют в светлых тонах. В качестве покрытия используется однотонный матовый либо древесный полипропилен. Полотна имеют сборно-разборную конструкцию.",35 мм,,,,,,,,,,,300,,,Неаполь ПО В3,,,,,,,Полипропилен Renolit,Серый матовый,1900-2300 мм,900-600 мм,нет,нет,да,нет,Средний,Сборно-разборная
ZADOOR,Classic Baguette,ZADOOR,Турин ПГ В4 Матовый кремовый,,/img/zadoor/classic-baguette/турин-пг-в4/Турин ПГ В4 матовый кремовый.jpg,,,,,"Багет – это декоративная рамка дверей. Она завершает обрамление и придает конструкции благородные черты. Багет, в отличие от штопки, имеет более сложную форму и придает полотну выразительность. Помимо эстетической составляющей дверной багет увеличивает жесткость конструкции.
Дверные полотна, оформленные в этом стиле, чаще всего выполняют в светлых тонах. В качестве покрытия используется однотонный матовый либо древесный полипропилен. Полотна имеют сборно-разборную конструкцию.",35 мм,,,,,,,,,,,300,,,Турин ПГ В4,,,,,,,Полипропилен Renolit,Матовый кремовый,1900-2300 мм,900-600 мм,нет,нет,нет,нет,Средний,Сборно-разборная
ZADOOR,Classic Baguette,ZADOOR,Турин ПГ В4 Белый матовый,,/img/zadoor/classic-baguette/турин-пг-в4/ПГ_Турин_В4_белый.jpg,,,,,"Багет – это декоративная рамка дверей. Она завершает обрамление и придает конструкции благородные черты. Багет, в отличие от штопки, имеет более сложную форму и придает полотну выразительность. Помимо эстетической составляющей дверной багет увеличивает жесткость конструкции.
Дверные полотна, оформленные в этом стиле, чаще всего выполняют в светлых тонах. В качестве покрытия используется однотонный матовый либо древесный полипропилен. Полотна имеют сборно-разборную конструкцию.",35 мм,,,,,,,,,,,300,,,Турин ПГ В4,,,,,,,Полипропилен Renolit,Белый матовый,1900-2300 мм,900-600 мм,нет,нет,нет,нет,Средний,Сборно-разборная
ZADOOR,Classic Baguette,ZADOOR,Турин ПГ В4 Серый матовый,,/img/zadoor/classic-baguette/турин-пг-в4/ПГ Турин В4 Серый матовый.jpg,,,,,"Багет – это декоративная рамка дверей. Она завершает обрамление и придает конструкции благородные черты. Багет, в отличие от штопки, имеет более сложную форму и придает полотну выразительность. Помимо эстетической составляющей дверной багет увеличивает жесткость конструкции.
Дверные полотна, оформленные в этом стиле, чаще всего выполняют в светлых тонах. В качестве покрытия используется однотонный матовый либо древесный полипропилен. Полотна имеют сборно-разборную конструкцию.",35 мм,,,,,,,,,,,300,,,Турин ПГ В4,,,,,,,Полипропилен Renolit,Серый матовый,1900-2300 мм,900-600 мм,нет,нет,нет,нет,Средний,Сборно-разборная
ZADOOR,Classic Baguette,ZADOOR,Турин ПО В4 Белый матовый,,/img/zadoor/classic-baguette/турин-пг-в4/Турин ПО B4 Сатинато.jpg,,,,,"Багет – это декоративная рамка дверей. Она завершает обрамление и придает конструкции благородные черты. Багет, в отличие от штопки, имеет более сложную форму и придает полотну выразительность. Помимо эстетической составляющей дверной багет увеличивает жесткость конструкции.
Дверные полотна, оформленные в этом стиле, чаще всего выполняют в светлых тонах. В качестве покрытия используется однотонный матовый либо древесный полипропилен. Полотна имеют сборно-разборную конструкцию.",35 мм,,,,,,,,,,,300,,,Турин ПО В4,,,,,,,Полипропилен Renolit,Белый матовый,1900-2300 мм,900-600 мм,нет,нет,да,нет,Средний,Сборно-разборная
ZADOOR,Classic Baguette,ZADOOR,Неаполь ПО Английская классика 2 Белый матовый,,,,,,,"Багет – это декоративная рамка дверей. Она завершает обрамление и придает конструкции благородные черты. Багет, в отличие от штопки, имеет более сложную форму и придает полотну выразительность. Помимо эстетической составляющей дверной багет увеличивает жесткость конструкции.
Дверные полотна, оформленные в этом стиле, чаще всего выполняют в светлых тонах. В качестве покрытия используется однотонный матовый либо древесный полипропилен. Полотна имеют сборно-разборную конструкцию.",35 мм,,,,,,,,,,,300,,,Неаполь ПО Английская классика 2,,,,,,,Полипропилен Renolit,Белый матовый,1900-2300 мм,900-600 мм,нет,нет,да,нет,Средний,Сборно-разборная
ZADOOR,Classic Baguette,ZADOOR,Неаполь ПО Английская классика Белый матовый,,,,,,,"Багет – это декоративная рамка дверей. Она завершает обрамление и придает конструкции благородные черты. Багет, в отличие от штопки, имеет более сложную форму и придает полотну выразительность. Помимо эстетической составляющей дверной багет увеличивает жесткость конструкции.
Дверные полотна, оформленные в этом стиле, чаще всего выполняют в светлых тонах. В качестве покрытия используется однотонный матовый либо древесный полипропилен. Полотна имеют сборно-разборную конструкцию.",35 мм,,,,,,,,,,,300,,,Неаполь ПО Английская классика,,,,,,,Полипропилен Renolit,Белый матовый,1900-2300 мм,900-600 мм,нет,нет,да,нет,Средний,Сборно-разборная
ZADOOR,Classic Baguette,ZADOOR,Неаполь ПО Английская классика Серый матовый,,,,,,,"Багет – это декоративная рамка дверей. Она завершает обрамление и придает конструкции благородные черты. Багет, в отличие от штопки, имеет более сложную форму и придает полотну выразительность. Помимо эстетической составляющей дверной багет увеличивает жесткость конструкции.
Дверные полотна, оформленные в этом стиле, чаще всего выполняют в светлых тонах. В качестве покрытия используется однотонный матовый либо древесный полипропилен. Полотна имеют сборно-разборную конструкцию.",35 мм,,,,,,,,,,,300,,,Неаполь ПО Английская классика,,,,,,,Полипропилен Renolit,Серый матовый,1900-2300 мм,900-600 мм,нет,нет,да,нет,Средний,Сборно-разборная
ZADOOR,Classic Baguette,ZADOOR,Неаполь ПО Английская классика Кремовый матовый,,,,,,,"Багет – это декоративная рамка дверей. Она завершает обрамление и придает конструкции благородные черты. Багет, в отличие от штопки, имеет более сложную форму и придает полотну выразительность. Помимо эстетической составляющей дверной багет увеличивает жесткость конструкции.
Дверные полотна, оформленные в этом стиле, чаще всего выполняют в светлых тонах. В качестве покрытия используется однотонный матовый либо древесный полипропилен. Полотна имеют сборно-разборную конструкцию.",35 мм,,,,,,,,,,,300,,,Неаполь ПО Английская классика,,,,,,,Полипропилен Renolit,Кремовый матовый,1900-2300 мм,900-600 мм,нет,нет,да,нет,Средний,Сборно-разборная
ZADOOR,Horizont,ZADOOR,H5 Окаша сильвер,,,,,,,,40 мм,,,,,,,,,,,300,,,H5,,,,,,,Полипропилен Renolit,Окаша сильвер,2300 мм,800 мм,нет,нет,да,нет,Средний,
ZADOOR,Forma,ZADOOR,F1 ПГ Беленный дуб,,/img/zadoor/forma/f1-пг/F1 дуб белёный.jpg,,,,,"Полотна серии FORMA имеют каркасно-сотовую конструкцию, при этом создают полную имитацию сборного полотна.
Благодаря низкой стоимости, данная серия успешно зарекомендовала себя. Возможна комплектация как обычным, так и телескопическим погонажем. В качестве покрытия используются 3D пленки производства Германии. Рельефное покрытие изготавливается по уникальной технологии 3D-Embossing. В качестве декора может использоваться стекло Satinato или декоративный молдинг.
",35 мм,,,,,,,,,,,300,,,F1 ПГ,,,,,,,Финиш-пленка Impress,Беленный дуб,2000 мм,800 мм,нет,нет,нет,нет,Бюджет,
ZADOOR,Forma,ZADOOR,F1 ПГ Белый,,/img/zadoor/forma/f1-пг/F1 белый.jpg,,,,,"Полотна серии FORMA имеют каркасно-сотовую конструкцию, при этом создают полную имитацию сборного полотна.
Благодаря низкой стоимости, данная серия успешно зарекомендовала себя. Возможна комплектация как обычным, так и телескопическим погонажем. В качестве покрытия используются 3D пленки производства Германии. Рельефное покрытие изготавливается по уникальной технологии 3D-Embossing. В качестве декора может использоваться стекло Satinato или декоративный молдинг.
",35 мм,,,,,,,,,,,300,,,F1 ПГ,,,,,,,Финиш-пленка Impress,Белый,2000 мм,800 мм,нет,нет,нет,нет,Бюджет,
ZADOOR,Forma,ZADOOR,F1 ПГ Орех,,/img/zadoor/forma/f1-пг/F1 Орех.jpg,,,,,"Полотна серии FORMA имеют каркасно-сотовую конструкцию, при этом создают полную имитацию сборного полотна.
Благодаря низкой стоимости, данная серия успешно зарекомендовала себя. Возможна комплектация как обычным, так и телескопическим погонажем. В качестве покрытия используются 3D пленки производства Германии. Рельефное покрытие изготавливается по уникальной технологии 3D-Embossing. В качестве декора может использоваться стекло Satinato или декоративный молдинг.
",35 мм,,,,,,,,,,,300,,,F1 ПГ,,,,,,,Финиш-пленка Impress,Орех,2000 мм,800 мм,нет,нет,нет,нет,Бюджет,
ZADOOR,Forma,ZADOOR,F2 ПО Беленный дуб,,/img/zadoor/forma/f2-по/F2 ПО Белёный дуб.jpg,,,,,"Полотна серии FORMA имеют каркасно-сотовую конструкцию, при этом создают полную имитацию сборного полотна.
Благодаря низкой стоимости, данная серия успешно зарекомендовала себя. Возможна комплектация как обычным, так и телескопическим погонажем. В качестве покрытия используются 3D пленки производства Германии. Рельефное покрытие изготавливается по уникальной технологии 3D-Embossing. В качестве декора может использоваться стекло Satinato или декоративный молдинг.
",35 мм,,,,,,,,,,,300,,,F2 ПО,,,,,,,Финиш-пленка Impress,Беленный дуб,2000 мм,800 мм,нет,нет,нет,нет,Бюджет,
ZADOOR,Forma,ZADOOR,F2 ПО Белый,,/img/zadoor/forma/f2-по/F2 ПО белый.jpg,,,,,"Полотна серии FORMA имеют каркасно-сотовую конструкцию, при этом создают полную имитацию сборного полотна.
Благодаря низкой стоимости, данная серия успешно зарекомендовала себя. Возможна комплектация как обычным, так и телескопическим погонажем. В качестве покрытия используются 3D пленки производства Германии. Рельефное покрытие изготавливается по уникальной технологии 3D-Embossing. В качестве декора может использоваться стекло Satinato или декоративный молдинг.
",35 мм,,,,,,,,,,,300,,,F2 ПО,,,,,,,Финиш-пленка Impress,Белый,2000 мм,800 мм,нет,нет,нет,нет,Бюджет,
ZADOOR,Forma,ZADOOR,F2 ПО Орех,,/img/zadoor/forma/f2-по/F2 ПО орех.jpg,,,,,"Полотна серии FORMA имеют каркасно-сотовую конструкцию, при этом создают полную имитацию сборного полотна.
Благодаря низкой стоимости, данная серия успешно зарекомендовала себя. Возможна комплектация как обычным, так и телескопическим погонажем. В качестве покрытия используются 3D пленки производства Германии. Рельефное покрытие изготавливается по уникальной технологии 3D-Embossing. В качестве декора может использоваться стекло Satinato или декоративный молдинг.
",35 мм,,,,,,,,,,,300,,,F2 ПО,,,,,,,Финиш-пленка Impress,Орех,2000 мм,800 мм,нет,нет,нет,нет,Бюджет,
ZADOOR,Forma,ZADOOR,F2 ПО Грей,,/img/zadoor/forma/f2-по/F2 ПО Грей.jpg,,,,,"Полотна серии FORMA имеют каркасно-сотовую конструкцию, при этом создают полную имитацию сборного полотна.
Благодаря низкой стоимости, данная серия успешно зарекомендовала себя. Возможна комплектация как обычным, так и телескопическим погонажем. В качестве покрытия используются 3D пленки производства Германии. Рельефное покрытие изготавливается по уникальной технологии 3D-Embossing. В качестве декора может использоваться стекло Satinato или декоративный молдинг.
",35 мм,,,,,,,,,,,300,,,F2 ПО,,,,,,,Финиш-пленка Impress,Грей,2000 мм,800 мм,нет,нет,нет,нет,Бюджет,
ZADOOR,Forma,ZADOOR,F4 ПО Беленный дуб,,/img/zadoor/forma/f4-по/F4 ПО Белый-1.jpg,,,,,"Полотна серии FORMA имеют каркасно-сотовую конструкцию, при этом создают полную имитацию сборного полотна.
Благодаря низкой стоимости, данная серия успешно зарекомендовала себя. Возможна комплектация как обычным, так и телескопическим погонажем. В качестве покрытия используются 3D пленки производства Германии. Рельефное покрытие изготавливается по уникальной технологии 3D-Embossing. В качестве декора может использоваться стекло Satinato или декоративный молдинг.
",35 мм,,,,,,,,,,,300,,,F4 ПО,,,,,,,Финиш-пленка Impress,Беленный дуб,2000 мм,800 мм,нет,нет,нет,нет,Бюджет,
ZADOOR,Forma,ZADOOR,F4 ПО Белый,,/img/zadoor/forma/f4-по/F4 ПО Белый.jpg,,,,,"Полотна серии FORMA имеют каркасно-сотовую конструкцию, при этом создают полную имитацию сборного полотна.
Благодаря низкой стоимости, данная серия успешно зарекомендовала себя. Возможна комплектация как обычным, так и телескопическим погонажем. В качестве покрытия используются 3D пленки производства Германии. Рельефное покрытие изготавливается по уникальной технологии 3D-Embossing. В качестве декора может использоваться стекло Satinato или декоративный молдинг.
",35 мм,,,,,,,,,,,300,,,F4 ПО,,,,,,,Финиш-пленка Impress,Белый,2000 мм,800 мм,нет,нет,нет,нет,Бюджет,
ZADOOR,Forma,ZADOOR,F4 ПО Грей,,/img/zadoor/forma/f4-по/F4 ПО Грей.jpg,,,,,"Полотна серии FORMA имеют каркасно-сотовую конструкцию, при этом создают полную имитацию сборного полотна.
Благодаря низкой стоимости, данная серия успешно зарекомендовала себя. Возможна комплектация как обычным, так и телескопическим погонажем. В качестве покрытия используются 3D пленки производства Германии. Рельефное покрытие изготавливается по уникальной технологии 3D-Embossing. В качестве декора может использоваться стекло Satinato или декоративный молдинг.
",35 мм,,,,,,,,,,,300,,,F4 ПО,,,,,,,Финиш-пленка Impress,Грей,2000 мм,800 мм,нет,нет,нет,нет,Бюджет,
ZADOOR,SP,ZADOOR,SP51 Беленный дуб,,/img/zadoor/sp/sp51/SP51 Беленный дуб.jpg,,,,,"Двери из серии SP имеют сборно-разборную конструкцию. Если один из элементов придет в негодность, то не нужно менять полотно полностью. Требуется заменить только царгу. Двери служат очень долго из-за отсутствия стыков в торцах элементов и швов на облицовочной.",35 мм,,,,,,,,,,,300,,,SP51,,,,,,,ПВХ,Беленный дуб,2000 мм,800 мм,нет,нет,нет,нет,Бюджет,
ZADOOR,SP,ZADOOR,SP51 Бренди,,/img/zadoor/sp/sp51/Sp 51 Бренди.jpg,,,,,"Двери из серии SP имеют сборно-разборную конструкцию. Если один из элементов придет в негодность, то не нужно менять полотно полностью. Требуется заменить только царгу. Двери служат очень долго из-за отсутствия стыков в торцах элементов и швов на облицовочной.",35 мм,,,,,,,,,,,300,,,SP51,,,,,,,ПВХ,Бренди,2000 мм,800 мм,нет,нет,нет,нет,Бюджет,
ZADOOR,SP,ZADOOR,SP51 Нордик,,/img/zadoor/sp/sp51/Sp 51 Нордик.jpg,,,,,"Двери из серии SP имеют сборно-разборную конструкцию. Если один из элементов придет в негодность, то не нужно менять полотно полностью. Требуется заменить только царгу. Двери служат очень долго из-за отсутствия стыков в торцах элементов и швов на облицовочной.",35 мм,,,,,,,,,,,300,,,SP51,,,,,,,ПВХ,Нордик,2000 мм,800 мм,нет,нет,нет,нет,Бюджет,
ZADOOR,SP,ZADOOR,SP51 Светло-серый,,/img/zadoor/sp/sp51/Sp 51 Светло-серый.jpg,,,,,"Двери из серии SP имеют сборно-разборную конструкцию. Если один из элементов придет в негодность, то не нужно менять полотно полностью. Требуется заменить только царгу. Двери служат очень долго из-за отсутствия стыков в торцах элементов и швов на облицовочной.",35 мм,,,,,,,,,,,300,,,SP51,,,,,,,ПВХ,Светло-серый,2000 мм,800 мм,нет,нет,нет,нет,Бюджет,
ZADOOR,SP,ZADOOR,SP57 Бетон светлый,,/img/zadoor/sp/sp57/Sp 57 бетон светлый.jpg,,,,,"Двери из серии SP имеют сборно-разборную конструкцию. Если один из элементов придет в негодность, то не нужно менять полотно полностью. Требуется заменить только царгу. Двери служат очень долго из-за отсутствия стыков в торцах элементов и швов на облицовочной.",35 мм,,,,,,,,,,,300,,,SP57,,,,,,,ПВХ,Бетон светлый,2000 мм,800 мм,да,Черный,нет,нет,Бюджет,
ZADOOR,SP,ZADOOR,SP57 Бетон тёмный,,/img/zadoor/sp/sp57/Sp 57 бетон тёный.jpg,,,,,"Двери из серии SP имеют сборно-разборную конструкцию. Если один из элементов придет в негодность, то не нужно менять полотно полностью. Требуется заменить только царгу. Двери служат очень долго из-за отсутствия стыков в торцах элементов и швов на облицовочной.",35 мм,,,,,,,,,,,300,,,SP57,,,,,,,ПВХ,Бетон тёмный,2000 мм,800 мм,да,Черный,нет,нет,Бюджет,
ZADOOR,SP,ZADOOR,SP57 Нордик,,/img/zadoor/sp/sp57/Sp 57 Нордик.jpg,,,,,"Двери из серии SP имеют сборно-разборную конструкцию. Если один из элементов придет в негодность, то не нужно менять полотно полностью. Требуется заменить только царгу. Двери служат очень долго из-за отсутствия стыков в торцах элементов и швов на облицовочной.",35 мм,,,,,,,,,,,300,,,SP57,,,,,,,ПВХ,Нордик,2000 мм,800 мм,да,Черный,нет,нет,Бюджет,
ZADOOR,SP,ZADOOR,SP57 Орех карамель,,,,,,,"Двери из серии SP имеют сборно-разборную конструкцию. Если один из элементов придет в негодность, то не нужно менять полотно полностью. Требуется заменить только царгу. Двери служат очень долго из-за отсутствия стыков в торцах элементов и швов на облицовочной.",35 мм,,,,,,,,,,,300,,,SP57,,,,,,,ПВХ,Орех карамель,2000 мм,800 мм,да,Черный,нет,нет,Бюджет,
ZADOOR,SP,ZADOOR,SP57 Сканди,,/img/zadoor/sp/sp57/Sp 57 Сканди.jpg,,,,,"Двери из серии SP имеют сборно-разборную конструкцию. Если один из элементов придет в негодность, то не нужно менять полотно полностью. Требуется заменить только царгу. Двери служат очень долго из-за отсутствия стыков в торцах элементов и швов на облицовочной.",35 мм,,,,,,,,,,,300,,,SP57,,,,,,,ПВХ,Сканди,2000 мм,800 мм,да,Черный,нет,нет,Бюджет,
ZADOOR,SP,ZADOOR,SP57 Тёмно-серый,,/img/zadoor/sp/sp57/Sp 57 Тёмно-серый.jpg,,,,,"Двери из серии SP имеют сборно-разборную конструкцию. Если один из элементов придет в негодность, то не нужно менять полотно полностью. Требуется заменить только царгу. Двери служат очень долго из-за отсутствия стыков в торцах элементов и швов на облицовочной.",35 мм,,,,,,,,,,,300,,,SP57,,,,,,,ПВХ,Тёмно-серый,2000 мм,800 мм,да,Черный,нет,нет,Бюджет,
ZADOOR,SP,ZADOOR,SP64 Бетон темный,,/img/zadoor/sp/sp64/SP 64 ПО Бетон Темный.jpg,,,,,"Двери из серии SP имеют сборно-разборную конструкцию. Если один из элементов придет в негодность, то не нужно менять полотно полностью. Требуется заменить только царгу. Двери служат очень долго из-за отсутствия стыков в торцах элементов и швов на облицовочной.",35 мм,,,,,,,,,,,300,,,SP64,,,,,,,ПВХ,Бетон темный,2000 мм,800 мм,нет,нет,да,нет,Бюджет,
ZADOOR,SP,ZADOOR,SP64 Нордик,,/img/zadoor/sp/sp64/Sp 64 Нодик черная лакобель.jpg,,,,,"Двери из серии SP имеют сборно-разборную конструкцию. Если один из элементов придет в негодность, то не нужно менять полотно полностью. Требуется заменить только царгу. Двери служат очень долго из-за отсутствия стыков в торцах элементов и швов на облицовочной.",35 мм,,,,,,,,,,,300,,,SP64,,,,,,,ПВХ,Нордик,2000 мм,800 мм,нет,нет,да,нет,Бюджет,
ZADOOR,SP,ZADOOR,SP64 Сканди,,/img/zadoor/sp/sp64/SP 64 Сканди сатинато.jpg,,,,,"Двери из серии SP имеют сборно-разборную конструкцию. Если один из элементов придет в негодность, то не нужно менять полотно полностью. Требуется заменить только царгу. Двери служат очень долго из-за отсутствия стыков в торцах элементов и швов на облицовочной.",35 мм,,,,,,,,,,,300,,,SP64,,,,,,,ПВХ,Сканди,2000 мм,800 мм,нет,нет,да,нет,Бюджет,
ZADOOR,SP,ZADOOR,SP64 Тёмно-серый,,/img/zadoor/sp/sp64/Sp 64 Тёмн-серый.jpg,,,,,"Двери из серии SP имеют сборно-разборную конструкцию. Если один из элементов придет в негодность, то не нужно менять полотно полностью. Требуется заменить только царгу. Двери служат очень долго из-за отсутствия стыков в торцах элементов и швов на облицовочной.",35 мм,,,,,,,,,,,300,,,SP64,,,,,,,ПВХ,Тёмно-серый,2000 мм,800 мм,да,Черный,нет,нет,Бюджет,
ZADOOR,SP,ZADOOR,SP66 Бетон светлый,,/img/zadoor/sp/sp66/Sp 66 бетон-светлый.jpg,,,,,"Двери из серии SP имеют сборно-разборную конструкцию. Если один из элементов придет в негодность, то не нужно менять полотно полностью. Требуется заменить только царгу. Двери служат очень долго из-за отсутствия стыков в торцах элементов и швов на облицовочной.",35 мм,,,,,,,,,,,300,,,SP66,,,,,,,ПВХ,Бетон светлый,2000 мм,800 мм,да,Черный,нет,нет,Бюджет,
ZADOOR,SP,ZADOOR,SP66 Бетон тёмный,,/img/zadoor/sp/sp66/Sp 66 бетон тёмный.jpg,,,,,"Двери из серии SP имеют сборно-разборную конструкцию. Если один из элементов придет в негодность, то не нужно менять полотно полностью. Требуется заменить только царгу. Двери служат очень долго из-за отсутствия стыков в торцах элементов и швов на облицовочной.",35 мм,,,,,,,,,,,300,,,SP66,,,,,,,ПВХ,Бетон тёмный,2000 мм,800 мм,да,Черный,нет,нет,Бюджет,
ZADOOR,SP,ZADOOR,SP66 Нордик,,/img/zadoor/sp/sp66/Sp 66 нордик.jpg,,,,,"Двери из серии SP имеют сборно-разборную конструкцию. Если один из элементов придет в негодность, то не нужно менять полотно полностью. Требуется заменить только царгу. Двери служат очень долго из-за отсутствия стыков в торцах элементов и швов на облицовочной.",35 мм,,,,,,,,,,,300,,,SP66,,,,,,,ПВХ,Нордик,2000 мм,800 мм,да,Черный,нет,нет,Бюджет,
ZADOOR,SP,ZADOOR,SP66 Орех карамель,,,,,,,"Двери из серии SP имеют сборно-разборную конструкцию. Если один из элементов придет в негодность, то не нужно менять полотно полностью. Требуется заменить только царгу. Двери служат очень долго из-за отсутствия стыков в торцах элементов и швов на облицовочной.",35 мм,,,,,,,,,,,300,,,SP66,,,,,,,ПВХ,Орех карамель,2000 мм,800 мм,да,Черный,нет,нет,Бюджет,
ZADOOR,SP,ZADOOR,SP66 Светлый лён,,/img/zadoor/sp/sp66/Sp 66 Светлый лён Чёрный лакобель.jpg,,,,,"Двери из серии SP имеют сборно-разборную конструкцию. Если один из элементов придет в негодность, то не нужно менять полотно полностью. Требуется заменить только царгу. Двери служат очень долго из-за отсутствия стыков в торцах элементов и швов на облицовочной.",35 мм,,,,,,,,,,,300,,,SP66,,,,,,,ПВХ,Светлый лён,2000 мм,800 мм,нет,нет,нет,да,Бюджет,
ZADOOR,SP,ZADOOR,SP66 Сканди,,/img/zadoor/sp/sp66/SP66_Lacobel_Black_сканди.jpg,,,,,"Двери из серии SP имеют сборно-разборную конструкцию. Если один из элементов придет в негодность, то не нужно менять полотно полностью. Требуется заменить только царгу. Двери служат очень долго из-за отсутствия стыков в торцах элементов и швов на облицовочной.",35 мм,,,,,,,,,,,300,,,SP66,,,,,,,ПВХ,Сканди,2000 мм,800 мм,да,Черный,нет,нет,Бюджет,
ZADOOR,SP,ZADOOR,SP66 Тёмно-серый,,/img/zadoor/sp/sp66/Sp 66 Тёмно-серый.jpg,,,,,"Двери из серии SP имеют сборно-разборную конструкцию. Если один из элементов придет в негодность, то не нужно менять полотно полностью. Требуется заменить только царгу. Двери служат очень долго из-за отсутствия стыков в торцах элементов и швов на облицовочной.",35 мм,,,,,,,,,,,300,,,SP66,,,,,,,ПВХ,Тёмно-серый,2000 мм,800 мм,да,Черный,нет,нет,Бюджет,
ZADOOR,SP,ZADOOR,SP66 Тёмный лён,,/img/zadoor/sp/sp66/SP 66 Тёмный лён.jpg,,,,,"Двери из серии SP имеют сборно-разборную конструкцию. Если один из элементов придет в негодность, то не нужно менять полотно полностью. Требуется заменить только царгу. Двери служат очень долго из-за отсутствия стыков в торцах элементов и швов на облицовочной.",35 мм,,,,,,,,,,,300,,,SP66,,,,,,,ПВХ,Тёмный лён,2000 мм,800 мм,да,Черный,нет,нет,Бюджет,